City_ID,City,Country,Date,Lat,Lng,Max Temp,Humidity,Cloudiness,Wind Speed,Current Description
0,Cape Town,ZA,2020-08-02 18:22:52,-33.93,18.42,61.0,87,0,10.29,clear sky
1,Safaga,EG,2020-08-02 18:26:26,26.73,33.94,89.6,55,11,2.24,few clouds
2,Saint-Philippe,RE,2020-08-02 18:24:56,-21.36,55.77,69.8,60,90,12.75,overcast clouds
3,Oberwart,AT,2020-08-02 18:26:27,47.29,16.21,73.0,79,100,4.61,overcast clouds
4,Bluff,NZ,2020-08-02 18:24:47,-46.6,168.33,46.49,94,71,5.32,broken clouds
5,Albany,US,2020-08-02 18:20:59,42.6,-73.97,79.0,67,70,4.0,broken clouds
6,Mataura,NZ,2020-08-02 18:24:50,-46.19,168.86,47.17,95,72,2.1,broken clouds
7,Longyearbyen,SJ,2020-08-02 18:25:01,78.22,15.64,48.2,87,20,3.36,few clouds
8,Busselton,AU,2020-08-02 18:24:48,-33.65,115.33,46.0,98,49,10.63,light rain
9,Kodiak,US,2020-08-02 18:24:52,57.79,-152.41,57.2,76,1,5.82,clear sky
10,Hobart,AU,2020-08-02 18:23:57,-42.88,147.33,46.4,75,75,11.41,light rain
11,Avarua,CK,2020-08-02 18:23:15,-21.21,-159.78,60.8,100,80,1.12,broken clouds
12,Mar Del Plata,AR,2020-08-02 18:25:21,-38.0,-57.56,60.8,55,100,10.29,overcast clouds
13,Okhotsk,RU,2020-08-02 18:26:29,59.38,143.3,52.18,79,3,0.31,clear sky
14,Cherskiy,RU,2020-08-02 18:25:31,68.75,161.3,47.35,79,100,2.77,overcast clouds
15,Tiznit,MA,2020-08-02 18:25:51,29.58,-9.5,91.15,26,53,5.14,broken clouds
16,Aquidaba,BR,2020-08-02 18:26:29,-10.28,-37.02,74.46,80,75,11.48,light rain
17,Hofn,IS,2020-08-02 18:25:34,64.25,-15.21,53.6,87,90,8.05,shower rain
18,George Town,MY,2020-08-02 18:22:23,5.41,100.34,84.2,79,20,4.7,few clouds
19,Westlock,CA,2020-08-02 18:26:30,54.15,-113.87,78.8,53,1,9.17,clear sky
20,Kruisfontein,ZA,2020-08-02 18:26:30,-34.0,24.73,69.01,41,0,9.91,clear sky
21,Arraial Do Cabo,BR,2020-08-02 18:24:59,-22.97,-42.03,75.2,53,40,10.29,scattered clouds
22,Carutapera,BR,2020-08-02 18:21:50,-1.2,-46.02,85.08,64,23,8.16,light rain
23,Redmond,US,2020-08-02 18:21:51,47.67,-122.12,75.0,68,8,1.01,clear sky
24,Mpophomeni,ZA,2020-08-02 18:26:31,-29.57,30.19,59.0,91,0,5.01,clear sky
25,Beaufort,MY,2020-08-02 18:26:31,5.35,115.75,80.01,100,20,2.48,few clouds
26,Chervona Sloboda,UA,2020-08-02 18:26:31,49.38,32.15,63.61,74,56,8.23,broken clouds
27,Caceres,ES,2020-08-02 18:24:54,39.52,-6.37,91.99,23,36,8.01,scattered clouds
28,Punta Arenas,CL,2020-08-02 18:22:53,-53.15,-70.92,44.6,65,34,20.8,scattered clouds
29,New Norfolk,AU,2020-08-02 18:25:09,-42.78,147.06,46.0,85,99,1.01,light rain
30,Liezen,AT,2020-08-02 18:26:32,47.57,14.23,69.01,82,94,3.36,light rain
31,Katsuura,JP,2020-08-02 18:25:34,35.13,140.3,75.2,88,20,4.7,few clouds
32,Ushuaia,AR,2020-08-02 18:24:47,-54.8,-68.3,41.0,75,40,24.16,scattered clouds
33,Ilulissat,GL,2020-08-02 18:24:36,69.22,-51.1,50.0,61,20,5.82,few clouds
34,Rikitea,PF,2020-08-02 18:24:50,-23.12,-134.97,72.68,76,57,12.37,broken clouds
35,Vaini,TO,2020-08-02 18:24:45,-21.2,-175.2,73.4,88,75,8.05,broken clouds
36,Airai,TL,2020-08-02 18:25:59,-8.93,125.41,52.81,91,52,1.77,broken clouds
37,Saskylakh,RU,2020-08-02 18:25:23,71.92,114.08,62.37,64,82,4.29,light rain
38,Tuatapere,NZ,2020-08-02 18:25:10,-46.13,167.68,44.73,90,68,2.77,broken clouds
39,Coquimbo,CL,2020-08-02 18:26:34,-29.95,-71.34,62.6,59,77,11.41,broken clouds
40,Pevek,RU,2020-08-02 18:26:34,69.7,170.31,36.93,85,98,1.72,overcast clouds
41,Grindavik,IS,2020-08-02 18:24:56,63.84,-22.43,53.6,81,75,13.87,broken clouds
42,Kapaa,US,2020-08-02 18:24:42,22.08,-159.32,80.6,69,1,11.41,clear sky
43,Kaitangata,NZ,2020-08-02 18:24:40,-46.28,169.85,50.0,85,82,4.0,broken clouds
44,Hushitai,CN,2020-08-02 18:26:35,41.93,123.51,73.4,94,40,8.95,scattered clouds
45,Hermanus,ZA,2020-08-02 18:24:35,-34.42,19.23,61.0,73,0,3.0,clear sky
46,East London,ZA,2020-08-02 18:25:18,-33.02,27.91,71.78,27,0,7.85,clear sky
47,Akranes,IS,2020-08-02 18:26:35,64.32,-22.07,51.8,81,75,17.22,broken clouds
48,Narsaq,GL,2020-08-02 18:25:12,60.92,-46.05,55.4,71,100,5.82,light intensity drizzle
49,Lerwick,GB,2020-08-02 18:23:53,60.15,-1.15,55.4,87,20,9.17,few clouds
50,Butaritari,KI,2020-08-02 18:24:38,3.07,172.79,82.45,74,35,16.51,scattered clouds
51,Tiksi,RU,2020-08-02 18:25:35,71.69,128.87,42.15,92,89,5.03,overcast clouds
52,Upernavik,GL,2020-08-02 18:24:57,72.79,-56.15,43.48,64,84,7.81,broken clouds
53,Santa Rosa,PH,2020-08-02 18:26:36,14.31,121.11,80.6,88,100,3.13,overcast clouds
54,Chuy,UY,2020-08-02 18:24:42,-33.7,-53.46,65.97,80,100,1.79,overcast clouds
55,Biak,ID,2020-08-02 18:26:37,-0.91,122.88,75.42,84,98,4.52,light rain
56,Berkovica,BA,2020-08-02 18:26:37,44.62,18.43,77.0,44,0,4.7,clear sky
57,Chokurdakh,RU,2020-08-02 18:24:53,70.63,147.92,48.83,69,73,4.59,broken clouds
58,Dikson,RU,2020-08-02 18:24:49,73.51,80.55,51.13,87,88,4.97,overcast clouds
59,Jamestown,US,2020-08-02 18:19:43,42.1,-79.24,73.99,78,90,14.99,overcast clouds
60,Huarmey,PE,2020-08-02 18:26:38,-10.07,-78.15,68.32,66,41,10.54,scattered clouds
61,Port Alfred,ZA,2020-08-02 18:24:39,-33.59,26.89,71.58,27,0,8.5,clear sky
62,Berlevag,NO,2020-08-02 18:26:38,70.86,29.09,50.0,87,75,9.17,broken clouds
63,Geraldton,AU,2020-08-02 18:25:14,-28.77,114.6,57.2,87,40,6.93,scattered clouds
64,Vao,NC,2020-08-02 18:25:26,-22.67,167.48,68.29,68,64,13.58,broken clouds
65,Kutum,SD,2020-08-02 18:26:39,14.2,24.67,74.16,74,89,11.21,light rain
66,Lebedinyy,RU,2020-08-02 18:26:39,58.52,125.52,46.36,91,94,3.65,overcast clouds
67,Celestun,MX,2020-08-02 18:26:39,20.87,-90.4,87.55,64,1,11.5,clear sky
68,Bathsheba,BB,2020-08-02 18:26:39,13.22,-59.52,87.8,70,40,16.11,scattered clouds
69,Hilo,US,2020-08-02 18:24:43,19.73,-155.09,75.2,73,90,8.05,overcast clouds
70,Tuktoyaktuk,CA,2020-08-02 18:24:55,69.45,-133.04,48.2,81,90,16.11,light rain
71,Morondava,MG,2020-08-02 18:26:40,-20.28,44.28,73.42,73,0,12.64,clear sky
72,Xining,CN,2020-08-02 18:26:40,36.62,101.77,59.56,53,77,2.77,broken clouds
73,Salalah,OM,2020-08-02 18:26:40,17.02,54.09,82.4,83,40,1.12,scattered clouds
74,Vestmannaeyjar,IS,2020-08-02 18:26:40,63.44,-20.27,51.8,87,75,20.8,broken clouds
75,Oksfjord,NO,2020-08-02 18:26:41,70.24,22.35,61.0,76,16,8.05,few clouds
76,Koumac,NC,2020-08-02 18:26:41,-20.57,164.28,64.35,71,28,6.87,scattered clouds
77,Ballina,AU,2020-08-02 18:26:42,-28.87,153.57,51.01,100,62,7.18,broken clouds
78,Severo-Kurilsk,RU,2020-08-02 18:24:55,50.68,156.12,52.34,87,100,5.99,overcast clouds
79,Barrow,US,2020-08-02 18:24:40,71.29,-156.79,39.2,80,90,13.87,overcast clouds
80,Zelenokumsk,RU,2020-08-02 18:26:42,44.41,43.88,64.4,88,90,4.47,light intensity shower rain
81,Atuona,PF,2020-08-02 18:24:50,-9.8,-139.03,78.48,75,7,17.11,clear sky
82,Batagay-Alyta,RU,2020-08-02 18:25:55,67.8,130.41,47.26,77,28,1.97,scattered clouds
83,Khatanga,RU,2020-08-02 18:25:09,71.97,102.5,59.47,79,2,6.13,clear sky
84,Nelson Bay,AU,2020-08-02 18:26:17,-32.72,152.15,48.99,100,78,5.82,broken clouds
85,Flin Flon,CA,2020-08-02 18:26:43,54.77,-101.86,73.4,46,40,5.82,scattered clouds
86,Lebu,CL,2020-08-02 18:24:39,-37.62,-73.65,56.35,82,42,8.79,scattered clouds
87,Great Falls,US,2020-08-02 18:26:44,47.5,-111.3,82.4,34,1,3.0,clear sky
88,Boende,CD,2020-08-02 18:26:44,-0.22,20.87,76.05,78,100,0.18,light rain
89,Bredasdorp,ZA,2020-08-02 18:25:02,-34.53,20.04,51.8,93,0,4.7,clear sky
90,Fare,PF,2020-08-02 18:26:44,-16.7,-151.02,78.75,78,77,12.24,broken clouds
91,Pisco,PE,2020-08-02 18:26:14,-13.7,-76.22,64.99,72,2,11.41,clear sky
92,Atbasar,KZ,2020-08-02 18:26:45,51.8,68.33,72.79,53,0,7.76,clear sky
93,Puerto Ayora,EC,2020-08-02 18:24:36,-0.74,-90.35,75.2,69,75,16.11,broken clouds
94,Hambantota,LK,2020-08-02 18:24:38,6.12,81.12,80.19,78,83,16.62,broken clouds
95,Sittingbourne,GB,2020-08-02 18:26:45,51.34,0.73,72.0,50,75,3.0,broken clouds
96,Coihaique,CL,2020-08-02 18:26:45,-45.58,-72.07,46.4,65,75,2.51,broken clouds
97,Nicoya,CR,2020-08-02 18:26:45,10.15,-85.45,89.6,66,40,5.82,scattered clouds
98,Pemangkat,ID,2020-08-02 18:24:31,1.17,108.97,78.49,91,88,8.19,overcast clouds
99,Westport,US,2020-08-02 18:25:30,41.14,-73.36,84.0,88,90,11.41,light rain
100,Kalmunai,LK,2020-08-02 18:26:46,7.42,81.82,82.51,66,100,5.28,overcast clouds
101,Lamar,US,2020-08-02 18:26:46,33.67,-95.58,90.0,45,75,8.05,broken clouds
102,Leticia,CO,2020-08-02 18:26:47,-4.22,-69.94,89.6,55,75,3.36,broken clouds
103,Dunedin,NZ,2020-08-02 18:26:03,-45.87,170.5,48.99,88,70,3.65,broken clouds
104,Hamilton,US,2020-08-02 18:24:11,39.18,-84.53,78.01,64,75,10.29,broken clouds
105,Ancud,CL,2020-08-02 18:21:06,-41.87,-73.82,55.0,81,75,18.34,broken clouds
106,Mahebourg,MU,2020-08-02 18:25:14,-20.41,57.7,69.8,73,75,17.22,broken clouds
107,Ponta Do Sol,PT,2020-08-02 18:24:41,32.67,-17.1,73.0,69,5,6.15,clear sky
108,Portland,US,2020-08-02 18:25:25,45.52,-122.68,78.01,60,1,4.7,clear sky
109,Qaqortoq,GL,2020-08-02 18:26:48,60.72,-46.03,55.4,71,100,5.82,light intensity drizzle
110,Alamogordo,US,2020-08-02 18:26:48,32.9,-105.96,86.0,30,1,6.31,clear sky
111,Saint-Augustin,CA,2020-08-02 18:20:40,51.23,-58.65,70.61,63,0,16.06,clear sky
112,Thompson,CA,2020-08-02 18:22:36,55.74,-97.86,73.4,38,20,3.36,few clouds
113,Yerbogachen,RU,2020-08-02 18:26:49,61.28,108.01,56.39,69,0,4.0,clear sky
114,Kavieng,PG,2020-08-02 18:24:48,-2.57,150.8,82.22,77,55,6.33,broken clouds
115,Taltal,CL,2020-08-02 18:26:49,-25.4,-70.48,66.16,52,17,5.82,few clouds
116,San Quintin,MX,2020-08-02 18:25:11,30.48,-115.95,78.98,56,0,7.4,clear sky
117,Cayenne,GF,2020-08-02 18:22:27,4.93,-52.33,80.6,83,38,3.36,light rain
118,Whyalla,AU,2020-08-02 18:26:50,-33.03,137.58,48.2,93,100,5.82,overcast clouds
119,Quelimane,MZ,2020-08-02 18:21:39,-17.88,36.89,66.25,88,42,5.06,scattered clouds
120,Ahuimanu,US,2020-08-02 18:26:50,21.44,-157.84,78.8,73,40,8.05,scattered clouds
121,Fort Frances,CA,2020-08-02 18:26:51,48.6,-93.4,72.0,43,40,11.41,scattered clouds
122,Namatanai,PG,2020-08-02 18:26:51,-3.67,152.43,79.56,83,77,7.14,light rain
123,Los Llanos De Aridane,ES,2020-08-02 18:26:09,28.66,-17.92,78.01,73,20,14.99,few clouds
124,Tefe,BR,2020-08-02 18:26:51,-3.35,-64.71,93.2,46,40,5.82,scattered clouds
125,Saint-Pierre,RE,2020-08-02 18:26:51,-21.34,55.48,69.8,60,90,12.75,overcast clouds
126,Castro,BR,2020-08-02 18:25:20,-24.79,-50.01,67.95,50,2,5.91,clear sky
127,Bairiki,KI,2020-08-02 18:26:55,1.33,172.98,80.6,78,20,6.93,few clouds
128,Qaanaaq,GL,2020-08-02 18:24:47,77.48,-69.36,38.97,80,99,12.75,overcast clouds
129,Krasnogorsk,RU,2020-08-02 18:22:43,55.82,37.32,63.0,63,75,4.47,broken clouds
130,Yellowknife,CA,2020-08-02 18:21:17,62.46,-114.35,78.01,64,40,13.87,scattered clouds
131,North Branch,US,2020-08-02 18:26:55,45.51,-92.98,68.0,79,0,5.01,clear sky
132,Cedar City,US,2020-08-02 18:26:56,37.68,-113.06,91.4,7,1,10.29,clear sky
133,Tornio,FI,2020-08-02 18:26:56,65.85,24.15,62.6,63,75,5.82,broken clouds
134,Moose Factory,CA,2020-08-02 18:26:56,51.26,-80.61,59.0,67,90,10.29,overcast clouds
135,Rumia,PL,2020-08-02 18:26:56,54.57,18.39,73.4,53,46,4.7,scattered clouds
136,Zhaoyuan,CN,2020-08-02 18:26:56,37.36,120.4,80.01,93,8,8.66,clear sky
137,Pacific Grove,US,2020-08-02 18:26:56,36.62,-121.92,72.0,72,90,6.93,haze
138,Morwa,IN,2020-08-02 18:26:57,22.9,73.83,84.33,74,96,10.2,light rain
139,Torbay,CA,2020-08-02 18:25:07,47.67,-52.73,61.0,87,90,13.87,overcast clouds
140,Bacolod,PH,2020-08-02 18:26:57,10.67,122.95,78.42,75,100,2.04,overcast clouds
141,Cabo San Lucas,MX,2020-08-02 18:25:00,22.89,-109.91,91.4,52,20,2.95,few clouds
142,Norman Wells,CA,2020-08-02 18:24:50,65.28,-126.83,66.2,82,40,8.05,scattered clouds
143,Atambua,ID,2020-08-02 18:26:58,-9.11,124.89,65.5,88,41,4.63,scattered clouds
144,Ixtapa,MX,2020-08-02 18:25:03,20.7,-105.2,88.0,74,75,5.82,broken clouds
145,Lavrentiya,RU,2020-08-02 18:26:01,65.58,-171.0,44.98,74,82,8.23,broken clouds
146,Prince Rupert,CA,2020-08-02 18:25:08,54.32,-130.32,59.0,93,90,2.24,light rain
147,Hithadhoo,MV,2020-08-02 18:24:46,-0.6,73.08,83.05,78,68,11.72,broken clouds
148,Padang,ID,2020-08-02 18:25:35,-0.95,100.35,76.64,79,44,3.94,scattered clouds
149,Nhulunbuy,AU,2020-08-02 18:26:59,-12.23,136.77,71.6,88,40,5.82,scattered clouds
150,Port Elizabeth,ZA,2020-08-02 18:24:40,-33.92,25.57,59.0,58,0,3.36,clear sky
151,Vila Franca Do Campo,PT,2020-08-02 18:25:28,37.72,-25.43,75.2,64,20,8.05,few clouds
152,Wynyard,AU,2020-08-02 18:27:00,-41.0,145.72,45.0,88,97,5.99,moderate rain
153,Mangrol,IN,2020-08-02 18:27:00,21.12,70.12,85.24,81,88,8.3,overcast clouds
154,Praia Da Vitoria,PT,2020-08-02 18:27:00,38.73,-27.07,77.0,65,40,10.83,scattered clouds
155,Comodoro Rivadavia,AR,2020-08-02 18:27:00,-45.87,-67.5,57.2,50,46,12.75,scattered clouds
156,Goderich,CA,2020-08-02 18:22:24,43.75,-81.72,78.01,86,90,6.49,light rain
157,Kuandian,CN,2020-08-02 18:27:00,40.73,124.78,67.44,94,100,1.74,overcast clouds
158,Ribeira Grande,PT,2020-08-02 18:24:51,38.52,-28.7,75.2,69,20,9.17,few clouds
159,Katobu,ID,2020-08-02 18:27:01,-4.94,122.53,72.52,91,76,2.53,broken clouds
160,Melnikovo,RU,2020-08-02 18:27:02,56.56,84.08,64.99,88,29,2.04,scattered clouds
161,Bambous Virieux,MU,2020-08-02 18:24:43,-20.34,57.76,70.0,73,75,17.22,broken clouds
162,Ucluelet,CA,2020-08-02 18:25:04,48.93,-125.55,62.6,93,90,6.93,light rain
163,Bethel,US,2020-08-02 18:25:25,41.37,-73.41,79.0,88,90,8.05,light rain
164,Novyy Oskol,RU,2020-08-02 18:27:03,50.76,37.87,59.41,89,7,8.57,moderate rain
165,Lakatoro,VU,2020-08-02 18:23:01,-16.1,167.42,74.1,84,68,12.3,broken clouds
166,Harper,LR,2020-08-02 18:25:12,4.38,-7.72,75.97,71,79,5.95,broken clouds
167,Kurilsk,RU,2020-08-02 18:27:04,45.23,147.88,60.48,91,27,9.26,scattered clouds
168,Opelousas,US,2020-08-02 18:27:04,30.53,-92.08,87.01,55,1,4.7,clear sky
169,Sol-Iletsk,RU,2020-08-02 18:27:04,51.16,54.99,75.34,59,100,11.21,overcast clouds
170,Fortuna,US,2020-08-02 18:25:33,40.6,-124.16,66.0,1,0,5.01,clear sky
171,Yulara,AU,2020-08-02 18:26:10,-25.24,130.99,41.0,23,0,5.82,clear sky
172,Council Bluffs,US,2020-08-02 18:23:59,41.26,-95.86,78.8,61,75,14.99,broken clouds
173,Key Largo,US,2020-08-02 18:22:21,25.09,-80.45,87.01,1,100,7.0,light rain
174,Palmer,US,2020-08-02 18:27:06,42.16,-72.33,84.0,61,90,8.05,light rain
175,Kahului,US,2020-08-02 18:25:52,20.89,-156.47,80.6,61,40,12.75,scattered clouds
176,Alyangula,AU,2020-08-02 18:27:06,-13.85,136.42,62.6,100,75,8.16,broken clouds
177,Bandarbeyla,SO,2020-08-02 18:27:06,9.49,50.81,79.11,69,66,31.03,broken clouds
178,Havre-Saint-Pierre,CA,2020-08-02 18:27:07,50.23,-63.6,77.0,57,1,12.75,clear sky
179,Nikolskoye,RU,2020-08-02 18:25:31,59.7,30.79,61.0,82,75,4.47,light intensity shower rain
180,Lima,PE,2020-08-02 18:25:15,-12.04,-77.03,62.6,77,90,9.17,overcast clouds
181,Banda Aceh,ID,2020-08-02 18:27:07,5.56,95.32,81.12,73,100,12.5,overcast clouds
182,Christchurch,NZ,2020-08-02 18:25:23,-43.53,172.63,50.0,93,99,5.82,overcast clouds
183,Warrington,GB,2020-08-02 18:25:59,53.39,-2.58,64.0,63,36,9.17,scattered clouds
184,Belawan,ID,2020-08-02 18:22:57,3.78,98.68,80.6,88,40,2.24,scattered clouds
185,Batemans Bay,AU,2020-08-02 18:27:08,-35.72,150.18,41.0,89,64,4.32,broken clouds
186,Bambanglipuro,ID,2020-08-02 18:25:37,-7.95,110.28,70.9,87,51,4.12,broken clouds
187,Talnakh,RU,2020-08-02 18:25:01,69.49,88.4,59.0,67,97,4.47,overcast clouds
188,San Cristobal,VE,2020-08-02 18:25:03,7.77,-72.22,93.2,38,40,23.04,scattered clouds
189,Acapulco,MX,2020-08-02 18:26:00,16.86,-99.89,87.8,74,20,9.17,few clouds
190,Waipawa,NZ,2020-08-02 18:25:43,-41.41,175.52,50.0,76,90,10.29,overcast clouds
191,Kharp,RU,2020-08-02 18:24:26,66.8,65.81,59.88,84,100,3.62,light rain
192,Shache,CN,2020-08-02 18:25:22,38.42,77.24,75.79,20,34,4.52,scattered clouds
193,Kantunilkin,MX,2020-08-02 18:27:09,21.09,-87.45,89.6,66,40,13.87,scattered clouds
194,Ust-Tsilma,RU,2020-08-02 18:27:10,65.44,52.15,55.17,90,100,2.8,light rain
195,San Patricio,MX,2020-08-02 18:24:59,19.22,-104.7,91.4,70,5,9.17,clear sky
196,Port Moresby,PG,2020-08-02 18:27:10,-9.44,147.18,73.4,88,75,6.93,broken clouds
197,Mount Gambier,AU,2020-08-02 18:25:12,-37.83,140.77,44.6,87,90,9.17,overcast clouds
198,Ejido,VE,2020-08-02 18:27:11,8.55,-71.24,79.93,45,54,5.93,light rain
199,Yaan,NG,2020-08-02 18:26:06,7.38,8.57,74.68,87,78,6.24,broken clouds
200,Brae,GB,2020-08-02 18:27:11,60.4,-1.35,55.4,87,20,9.17,few clouds
201,Mohpa,IN,2020-08-02 18:27:11,21.32,78.82,77.0,94,75,13.87,mist
202,Wewak,PG,2020-08-02 18:27:11,-3.55,143.63,78.33,85,66,3.76,broken clouds
203,Waitara,NZ,2020-08-02 18:27:12,-38.92,174.25,46.99,62,74,8.01,broken clouds
204,Coahuayana,MX,2020-08-02 18:22:43,18.73,-103.68,84.2,74,40,5.32,scattered clouds
205,Cap-Aux-Meules,CA,2020-08-02 18:26:01,47.38,-61.86,77.0,69,40,12.75,scattered clouds
206,Samarai,PG,2020-08-02 18:25:00,-10.62,150.67,76.8,86,99,12.84,light rain
207,Saldanha,ZA,2020-08-02 18:24:37,-33.01,17.94,62.6,67,0,2.24,clear sky
208,Omutninsk,RU,2020-08-02 18:27:13,58.67,52.19,51.48,95,98,9.33,overcast clouds
209,Porto Novo,BJ,2020-08-02 18:25:47,6.5,2.6,78.8,78,20,14.99,few clouds
210,Honningsvag,NO,2020-08-02 18:27:13,70.98,25.97,51.8,81,75,1.12,broken clouds
211,Kula,TR,2020-08-02 18:27:13,38.55,28.65,77.0,10,0,58.0,clear sky
212,Saint George,US,2020-08-02 18:19:56,37.1,-113.58,102.0,15,1,3.36,clear sky
213,Lucea,JM,2020-08-02 18:27:14,18.45,-78.17,89.6,70,40,12.75,scattered clouds
214,Ola,RU,2020-08-02 18:27:14,59.58,151.28,49.48,80,1,1.01,clear sky
215,Harare,ZW,2020-08-02 18:27:14,-17.83,31.05,55.09,40,0,8.14,clear sky
216,Urucara,BR,2020-08-02 18:27:15,-2.54,-57.76,96.57,30,21,5.1,few clouds
217,Darhan,MN,2020-08-02 18:27:15,49.49,105.92,57.61,92,99,4.97,light rain
218,Avera,US,2020-08-02 18:27:16,33.19,-82.53,95.0,47,40,4.7,scattered clouds
219,Ambon,ID,2020-08-02 18:27:16,-3.7,128.18,75.99,16,35,1.01,scattered clouds
220,Saiha,IN,2020-08-02 18:27:16,22.48,92.97,74.44,93,99,0.78,light rain
221,Jawhar,SO,2020-08-02 18:27:16,2.78,45.5,76.41,74,47,20.51,scattered clouds
222,Lata,PT,2020-08-02 18:27:16,40.16,-8.33,73.99,59,57,8.99,broken clouds
223,Sola,VU,2020-08-02 18:19:54,-13.88,167.55,76.26,90,42,18.19,scattered clouds
224,Olafsvik,IS,2020-08-02 18:25:34,64.89,-23.71,47.19,87,63,19.64,broken clouds
225,Ypsonas,CY,2020-08-02 18:27:17,34.69,32.96,80.6,83,20,9.17,few clouds
226,Provideniya,RU,2020-08-02 18:24:48,64.38,-173.3,44.38,64,95,10.63,overcast clouds
227,Sergeyevka,KZ,2020-08-02 18:27:17,53.88,67.42,71.1,57,0,6.58,clear sky
228,Souillac,MU,2020-08-02 18:25:53,-20.52,57.52,69.8,73,75,17.22,broken clouds
229,Vanimo,PG,2020-08-02 18:25:53,-2.67,141.3,76.5,84,37,3.06,scattered clouds
230,Russell,US,2020-08-02 18:25:30,32.35,-85.2,93.99,52,20,8.05,few clouds
231,Zyryanka,RU,2020-08-02 18:24:56,65.75,150.85,50.27,74,21,4.38,few clouds
232,Agadez,NE,2020-08-02 18:27:18,19.75,10.25,96.19,24,51,7.96,broken clouds
233,Santarem,BR,2020-08-02 18:25:10,-2.44,-54.71,95.02,32,73,5.55,broken clouds
234,Turukhansk,RU,2020-08-02 18:21:05,65.82,87.98,55.2,91,55,5.99,light rain
235,Klaksvik,FO,2020-08-02 18:27:19,62.23,-6.59,50.0,100,52,12.75,light rain
236,Yar-Sale,RU,2020-08-02 18:27:19,66.83,70.83,60.93,70,94,8.9,overcast clouds
237,Adolfo Lopez Mateos,MX,2020-08-02 18:27:19,28.47,-107.3,80.01,43,21,4.0,few clouds
238,Cockburn Town,TC,2020-08-02 18:27:20,21.46,-71.14,86.0,70,40,13.87,scattered clouds
239,Port Blair,IN,2020-08-02 18:20:53,11.67,92.75,82.53,82,100,24.0,light rain
240,Aykhal,RU,2020-08-02 18:27:20,66.0,111.5,62.6,48,66,4.47,broken clouds
241,Roebourne,AU,2020-08-02 18:27:20,-20.78,117.13,68.63,63,17,9.24,few clouds
242,Half Moon Bay,US,2020-08-02 18:22:20,37.46,-122.43,73.0,87,75,6.93,broken clouds
243,Victoria,HK,2020-08-02 18:21:40,22.29,114.16,79.0,93,100,1.99,light rain
244,Carnarvon,AU,2020-08-02 18:25:32,-24.87,113.63,59.0,87,0,10.29,clear sky
245,Tasiilaq,GL,2020-08-02 18:25:25,65.61,-37.64,50.0,61,18,14.99,few clouds
246,Stornoway,GB,2020-08-02 18:27:21,58.21,-6.39,55.0,87,100,8.05,light rain
247,Samarinda,ID,2020-08-02 18:20:16,-0.5,117.15,73.31,96,91,0.83,overcast clouds
248,Shihezi,CN,2020-08-02 18:27:22,44.3,86.03,79.72,23,85,3.42,overcast clouds
249,Price,US,2020-08-02 18:27:22,39.6,-110.81,89.6,14,1,8.05,clear sky
250,Port-Cartier,CA,2020-08-02 18:27:22,50.03,-66.87,78.8,54,75,8.05,broken clouds
251,Gornoye Loo,RU,2020-08-02 18:27:22,43.71,39.6,71.6,68,20,4.47,few clouds
252,Druzhba,UA,2020-08-02 18:27:23,52.04,33.95,56.41,90,40,6.42,scattered clouds
253,Lokot,RU,2020-08-02 18:27:23,52.56,34.58,55.72,95,45,5.08,scattered clouds
254,Miri,MY,2020-08-02 18:23:14,4.41,114.01,78.8,94,40,1.12,scattered clouds
255,Chandler,US,2020-08-02 18:27:23,33.31,-111.84,102.99,24,75,5.82,broken clouds
256,Umm Lajj,SA,2020-08-02 18:25:12,25.02,37.27,88.29,65,46,4.65,scattered clouds
257,Songjianghe,CN,2020-08-02 18:26:04,42.19,127.48,63.9,97,100,1.77,moderate rain
258,Martapura,ID,2020-08-02 18:27:24,-3.42,114.85,77.0,94,90,2.24,overcast clouds
259,Ketchikan,US,2020-08-02 18:26:13,55.34,-131.65,59.0,100,90,13.87,overcast clouds
260,Los Palacios,CU,2020-08-02 18:27:24,22.59,-83.25,88.54,65,93,2.24,light rain
261,Husavik,IS,2020-08-02 18:24:42,66.04,-17.34,53.6,81,90,8.05,overcast clouds
262,Yekepa,LR,2020-08-02 18:27:24,7.58,-8.54,72.73,93,92,3.67,light rain
263,Plettenberg Bay,ZA,2020-08-02 18:27:25,-34.05,23.37,64.69,52,0,3.6,clear sky
264,Yago,MX,2020-08-02 18:27:25,21.83,-105.07,84.2,58,75,1.68,broken clouds
265,Zhanaozen,KZ,2020-08-02 18:27:25,43.3,52.8,82.76,24,41,7.85,scattered clouds
266,Meulaboh,ID,2020-08-02 18:27:25,4.14,96.13,78.19,79,100,2.33,light rain
267,Ifanadiana,MG,2020-08-02 18:27:26,-21.3,47.63,57.45,89,88,2.21,overcast clouds
268,Udachnyy,RU,2020-08-02 18:27:26,66.42,112.4,62.6,48,81,4.47,broken clouds
269,Makakilo City,US,2020-08-02 18:22:19,21.35,-158.09,80.6,61,20,8.05,few clouds
270,Korla,CN,2020-08-02 18:27:29,41.76,86.15,83.82,20,79,8.63,broken clouds
271,Pontianak,ID,2020-08-02 18:27:29,-0.03,109.33,77.52,92,97,3.42,overcast clouds
272,Constitucion,CL,2020-08-02 18:25:19,-35.33,-72.42,60.62,75,40,4.99,scattered clouds
273,Kurgan,RU,2020-08-02 18:27:29,55.45,65.33,74.95,58,0,11.3,clear sky
274,Cherat,PK,2020-08-02 18:27:30,33.82,71.89,91.4,55,40,6.93,haze
275,Pimentel,PE,2020-08-02 18:27:30,-6.84,-79.93,64.4,77,90,11.41,mist
276,San Matias,BO,2020-08-02 18:22:48,-16.37,-58.4,97.43,18,2,6.78,clear sky
277,Sete,FR,2020-08-02 18:23:50,43.4,3.7,86.0,33,69,18.34,broken clouds
278,Neiafu,TO,2020-08-02 18:27:30,-18.65,-173.98,75.2,78,75,5.82,broken clouds
279,Nynashamn,SE,2020-08-02 18:27:31,58.9,17.95,68.0,48,37,17.02,scattered clouds
280,Sitka,US,2020-08-02 18:25:11,57.05,-135.33,57.2,87,90,5.82,mist
281,Sarakhs,IR,2020-08-02 18:27:31,36.54,61.16,86.0,25,0,4.7,clear sky
282,Ayagoz,KZ,2020-08-02 18:27:31,47.97,80.44,65.3,54,98,14.34,overcast clouds
283,Grand Gaube,MU,2020-08-02 18:27:31,-20.01,57.66,70.0,74,28,5.01,scattered clouds
284,Jiazi,CN,2020-08-02 18:27:32,22.88,116.07,79.2,89,100,4.38,light rain
285,Lorengau,PG,2020-08-02 18:25:18,-2.02,147.27,81.57,80,39,12.55,light rain
286,Pokhara,NP,2020-08-02 18:24:31,28.23,83.98,74.26,83,62,2.21,moderate rain
287,Lagoa,PT,2020-08-02 18:25:33,39.05,-27.98,71.67,72,34,11.36,scattered clouds
288,Te Anau,NZ,2020-08-02 18:27:32,-45.42,167.72,47.98,91,88,1.14,moderate rain
289,Bengkulu,ID,2020-08-02 18:24:35,-3.8,102.27,76.71,90,46,7.0,moderate rain
290,Kadoma,JP,2020-08-02 18:27:33,34.73,135.58,80.01,66,28,3.87,scattered clouds
291,Smolenka,RU,2020-08-02 18:27:33,52.14,113.5,62.6,88,79,6.71,broken clouds
292,Shingu,JP,2020-08-02 18:25:09,33.73,135.98,73.99,92,35,2.75,light rain
293,Tual,ID,2020-08-02 18:27:33,-5.67,132.75,77.02,83,74,17.2,broken clouds
294,Asau,RO,2020-08-02 18:25:31,46.43,26.4,62.01,76,18,1.05,few clouds
295,Sakakah,SA,2020-08-02 18:27:34,29.97,40.21,98.6,11,0,5.82,clear sky
296,Namibe,AO,2020-08-02 18:26:13,-15.2,12.15,67.12,86,0,3.8,clear sky
297,Broken Hill,AU,2020-08-02 18:27:34,-31.95,141.43,53.6,37,100,8.05,overcast clouds
298,Lekoni,GA,2020-08-02 18:27:34,-1.58,14.26,83.25,51,98,9.84,overcast clouds
299,Bilibino,RU,2020-08-02 18:26:10,68.05,166.44,44.89,75,93,2.44,overcast clouds
300,Kieta,PG,2020-08-02 18:25:49,-6.22,155.63,77.63,81,19,4.05,few clouds
301,Vangaindrano,MG,2020-08-02 18:27:35,-23.35,47.6,64.56,70,72,4.05,broken clouds
302,Ruwi,OM,2020-08-02 18:27:35,23.6,58.55,89.6,75,10,2.24,clear sky
303,Port Lincoln,AU,2020-08-02 18:24:54,-34.73,135.87,53.13,79,100,10.31,overcast clouds
304,Ipixuna,BR,2020-08-02 18:27:36,-1.76,-48.8,91.4,49,40,6.93,scattered clouds
305,Maumere,ID,2020-08-02 18:24:52,-8.62,122.21,73.08,66,60,2.55,broken clouds
306,Pleasanton,US,2020-08-02 18:26:59,37.66,-121.87,78.01,53,1,5.82,clear sky
307,Nanortalik,GL,2020-08-02 18:24:58,60.14,-45.24,47.37,91,99,11.23,overcast clouds
308,Northam,GB,2020-08-02 18:27:36,51.03,-4.22,63.0,79,100,5.01,overcast clouds
309,Luwuk,ID,2020-08-02 18:27:36,-0.95,122.79,76.3,80,99,3.65,light rain
310,Birin,NP,2020-08-02 18:27:37,26.89,88.07,82.4,88,40,1.12,scattered clouds
311,College,US,2020-08-02 18:25:40,64.86,-147.8,66.2,72,75,8.05,broken clouds
312,Cap Malheureux,MU,2020-08-02 18:27:37,-19.98,57.61,70.0,74,21,5.01,few clouds
313,Cuamba,MZ,2020-08-02 18:27:37,-14.8,36.54,64.24,74,76,4.34,broken clouds
314,Iqaluit,CA,2020-08-02 18:25:27,63.75,-68.51,53.6,76,75,8.05,broken clouds
315,Newport,GB,2020-08-02 18:26:25,51.59,-3.0,64.99,66,97,1.99,overcast clouds
316,Maceio,BR,2020-08-02 18:27:38,-9.67,-35.74,75.2,88,75,8.05,shower rain
317,La Ronge,CA,2020-08-02 18:27:38,55.1,-105.28,77.0,47,20,9.17,few clouds
318,Cooma,AU,2020-08-02 18:27:39,-36.23,149.13,30.2,100,90,8.05,overcast clouds
319,Berbera,SO,2020-08-02 18:27:39,10.44,45.01,92.97,38,15,22.82,few clouds
320,Havelock,US,2020-08-02 18:27:39,34.88,-76.9,91.4,55,1,14.99,clear sky
321,Gandajika,CD,2020-08-02 18:27:39,-6.75,23.95,78.73,25,86,3.69,overcast clouds
322,Taoudenni,ML,2020-08-02 18:27:39,22.68,-3.98,112.93,11,32,8.81,scattered clouds
323,Ende,ID,2020-08-02 18:27:40,-8.84,121.66,70.59,72,17,2.91,few clouds
324,Qui Nhon,VN,2020-08-02 18:24:46,13.77,109.23,82.76,74,99,6.44,overcast clouds
325,Hami,CN,2020-08-02 18:24:37,42.8,93.45,84.07,14,67,5.28,broken clouds
326,Adrar,MR,2020-08-02 18:27:40,20.5,-10.07,108.45,7,0,7.87,clear sky
327,Mabaruma,GY,2020-08-02 18:27:41,8.2,-59.78,83.37,85,79,5.32,moderate rain
328,The Valley,AI,2020-08-02 18:25:59,18.22,-63.06,89.6,74,20,9.17,few clouds
329,Kununurra,AU,2020-08-02 18:25:16,-15.77,128.73,55.4,38,44,4.14,scattered clouds
330,Guerrero Negro,MX,2020-08-02 18:27:41,27.98,-114.06,83.93,49,70,13.91,broken clouds
331,Bethanien,NA,2020-08-02 18:27:41,-26.5,17.16,67.03,21,0,11.12,clear sky
332,Lahaina,US,2020-08-02 18:27:38,20.88,-156.68,80.6,61,40,12.75,scattered clouds
333,Langen,DE,2020-08-02 18:26:29,49.99,8.67,78.01,36,60,9.17,broken clouds
334,Ayan,RU,2020-08-02 18:27:42,56.45,138.17,54.03,80,0,5.03,clear sky
335,Doha,QA,2020-08-02 18:26:09,25.29,51.53,97.0,79,0,5.82,clear sky
336,Koulikoro,ML,2020-08-02 18:27:42,14.0,-7.75,84.99,69,80,9.95,broken clouds
337,Luderitz,NA,2020-08-02 18:26:07,-26.65,15.16,73.4,32,0,1.12,clear sky
338,Campos Do Jordao,BR,2020-08-02 18:27:43,-22.74,-45.59,77.0,44,20,5.82,few clouds
339,Rawson,AR,2020-08-02 18:21:22,-43.3,-65.1,56.3,38,30,11.95,scattered clouds
340,Lorena,BR,2020-08-02 18:27:43,-22.73,-45.12,77.0,31,20,3.36,few clouds
341,Moussoro,TD,2020-08-02 18:25:38,13.64,16.49,83.28,61,99,15.75,moderate rain
342,Baruun-Urt,MN,2020-08-02 18:23:51,46.68,113.28,57.92,82,62,11.12,light rain
343,Garango,BF,2020-08-02 18:27:43,11.8,-0.55,83.77,66,89,8.3,overcast clouds
344,Georgetown,MY,2020-08-02 18:24:41,5.41,100.34,84.2,79,20,4.7,few clouds
345,Caravelas,BR,2020-08-02 18:25:08,-17.71,-39.25,74.89,67,12,11.68,light rain
346,Kazachinskoye,RU,2020-08-02 18:24:40,57.7,93.28,60.4,92,100,1.03,overcast clouds
347,Astana,KZ,2020-08-02 18:21:15,51.18,71.45,73.4,56,0,6.71,clear sky
348,Gubkinskiy,RU,2020-08-02 18:27:44,64.43,76.5,64.15,63,38,10.25,scattered clouds
349,Deputatskiy,RU,2020-08-02 18:25:58,69.3,139.9,41.29,92,30,1.95,scattered clouds
350,Abha,SA,2020-08-02 18:27:45,18.22,42.51,66.2,93,75,11.41,broken clouds
351,Yasnyy,RU,2020-08-02 18:27:45,51.03,59.87,80.17,27,87,15.1,overcast clouds
352,Bubaque,GW,2020-08-02 18:27:45,11.28,-15.83,81.05,82,89,16.22,overcast clouds
353,Lujan,AR,2020-08-02 18:27:45,-34.57,-59.1,72.0,75,99,4.0,overcast clouds
354,Ulaanbaatar,MN,2020-08-02 18:25:18,47.91,106.88,55.4,87,75,11.18,broken clouds
355,Flinders,AU,2020-08-02 18:27:46,-34.58,150.86,46.99,86,24,1.01,few clouds
356,Alofi,NU,2020-08-02 18:27:46,-19.06,-169.92,60.8,93,18,1.12,few clouds
357,Nizhniy Kuranakh,RU,2020-08-02 18:27:46,58.84,125.49,52.03,85,100,4.32,overcast clouds
358,Cabatuan,PH,2020-08-02 18:27:46,10.88,122.49,76.98,77,100,4.34,overcast clouds
359,Sao Filipe,CV,2020-08-02 18:25:33,14.9,-24.5,78.31,87,65,5.79,broken clouds
360,Tura,IN,2020-08-02 18:24:54,25.52,90.22,79.57,80,95,1.74,overcast clouds
361,Qasigiannguit,GL,2020-08-02 18:27:47,68.82,-51.19,50.0,61,20,5.82,few clouds
362,Mogadishu,SO,2020-08-02 18:22:22,2.04,45.34,77.14,79,47,22.35,light rain
363,Moron,AR,2020-08-02 18:27:08,-34.65,-58.62,73.0,77,100,8.05,overcast clouds
364,Mizan Teferi,ET,2020-08-02 18:27:48,6.98,35.58,61.83,90,17,3.2,few clouds
365,Muros,ES,2020-08-02 18:26:13,42.78,-9.06,70.0,64,86,4.0,overcast clouds
366,Simi,SL,2020-08-02 18:27:48,9.57,-12.35,71.87,97,99,5.5,light rain
367,Esperance,AU,2020-08-02 18:24:57,-33.87,121.9,48.2,87,57,10.29,broken clouds
368,Samaipata,BO,2020-08-02 18:27:49,-18.15,-63.87,69.71,45,0,7.25,clear sky
369,Tena,EC,2020-08-02 18:27:49,-0.98,-77.82,87.8,58,40,3.36,scattered clouds
370,Pangai,TO,2020-08-02 18:27:49,-19.8,-174.35,75.2,78,75,6.93,broken clouds
371,Yonago,JP,2020-08-02 18:27:49,35.43,133.33,78.8,94,75,3.36,broken clouds
372,Athens,GR,2020-08-02 18:24:51,37.98,23.72,87.8,31,20,10.29,few clouds
373,Najran,SA,2020-08-02 18:24:38,17.49,44.13,87.8,45,40,13.87,scattered clouds
374,Kavaratti,IN,2020-08-02 18:26:10,10.57,72.64,82.4,80,100,21.99,light rain
375,Seoul,KR,2020-08-02 18:23:03,37.57,126.98,80.6,94,90,15.46,light rain
376,Mayor Pablo Lagerenza,PY,2020-08-02 18:27:50,-19.93,-60.77,97.11,19,0,8.93,clear sky
377,Kendari,ID,2020-08-02 18:27:50,-3.94,122.5,73.13,91,91,3.42,overcast clouds
378,Ovada,IT,2020-08-02 18:27:50,44.64,8.65,84.0,78,20,3.36,few clouds
379,Kyaikkami,MM,2020-08-02 18:27:51,16.08,97.57,80.51,89,100,26.69,heavy intensity rain
380,Alice Springs,AU,2020-08-02 18:24:19,-23.7,133.88,42.8,30,0,4.23,clear sky
381,Ahipara,NZ,2020-08-02 18:24:36,-35.17,173.17,55.2,84,99,10.36,overcast clouds
382,Saint Anthony,US,2020-08-02 18:25:49,45.02,-93.22,73.0,52,75,12.75,broken clouds
383,Uruzgan,AF,2020-08-02 18:27:52,32.83,66.0,65.25,23,0,3.11,clear sky
384,Pauini,BR,2020-08-02 18:27:52,-7.71,-66.98,96.75,27,0,3.02,clear sky
385,Tautira,PF,2020-08-02 18:27:52,-17.73,-149.15,78.8,69,75,5.82,broken clouds
386,Tianpeng,CN,2020-08-02 18:27:52,30.99,103.94,84.0,100,41,4.14,moderate rain
387,Ratnagiri,IN,2020-08-02 18:26:12,16.98,73.3,78.53,88,100,16.04,moderate rain
388,Wuzhou,CN,2020-08-02 18:27:53,23.48,111.32,76.01,94,99,3.38,overcast clouds
389,Hirna,ET,2020-08-02 18:27:53,9.22,41.1,60.48,80,76,7.81,broken clouds
390,Kendallville,US,2020-08-02 18:23:53,41.44,-85.27,72.0,83,40,8.05,scattered clouds
391,Fort Nelson,CA,2020-08-02 18:21:31,58.81,-122.7,71.6,56,75,8.05,broken clouds
392,Tilichiki,RU,2020-08-02 18:27:53,60.47,166.1,47.86,86,58,3.22,broken clouds
393,Buchanan,LR,2020-08-02 18:27:54,5.88,-10.05,80.6,78,75,8.05,broken clouds
394,Marzuq,YE,2020-08-02 18:27:54,14.4,46.47,82.04,57,2,8.05,clear sky
395,Jutai,BR,2020-08-02 18:27:54,-5.18,-68.9,93.54,32,3,3.58,clear sky
396,Sao Joao Da Barra,BR,2020-08-02 18:25:45,-21.64,-41.05,77.0,53,20,13.87,few clouds
397,Opuwo,NA,2020-08-02 18:27:54,-18.06,13.84,67.33,26,0,9.71,clear sky
398,Maldonado,UY,2020-08-02 18:27:54,-34.67,-54.92,70.0,77,98,6.93,overcast clouds
399,Itarema,BR,2020-08-02 18:27:55,-2.92,-39.92,85.57,58,12,17.13,few clouds
400,Rio Gallegos,AR,2020-08-02 18:22:04,-51.62,-69.22,44.6,81,11,10.29,few clouds
401,Ambilobe,MG,2020-08-02 18:24:57,-13.2,49.05,71.53,66,0,5.82,clear sky
402,Vardo,NO,2020-08-02 18:25:13,70.37,31.11,50.0,87,75,11.41,broken clouds
403,Bangkok,TH,2020-08-02 18:26:00,13.75,100.52,81.0,79,100,15.79,moderate rain
404,Calbuco,CL,2020-08-02 18:27:56,-41.77,-73.13,55.4,71,75,17.22,broken clouds
405,Radis,TN,2020-08-02 18:27:56,36.77,10.28,87.8,52,0,2.24,clear sky
406,Nushki,PK,2020-08-02 18:27:56,29.55,66.02,82.67,16,0,2.89,clear sky
407,Loubomo,CG,2020-08-02 18:27:56,-4.2,12.67,71.1,73,65,8.23,broken clouds
408,Dudinka,RU,2020-08-02 18:27:56,69.41,86.18,59.0,67,99,4.47,overcast clouds
409,Nouadhibou,MR,2020-08-02 18:24:54,20.93,-17.03,75.2,78,0,25.28,clear sky
410,Codrington,AU,2020-08-02 18:24:46,-38.27,141.97,42.4,87,95,8.32,overcast clouds
411,Susanville,US,2020-08-02 18:27:57,40.42,-120.65,86.0,12,1,4.7,clear sky
412,Elista,RU,2020-08-02 18:27:57,46.31,44.26,75.0,38,57,6.71,broken clouds
413,Ligatne,LV,2020-08-02 18:27:58,57.23,25.04,61.0,81,83,1.01,broken clouds
414,Bonfim,BR,2020-08-02 18:27:58,3.08,-59.95,86.07,64,31,7.56,moderate rain
415,Yanai,JP,2020-08-02 18:27:58,33.97,132.12,80.6,78,75,3.47,broken clouds
416,Baykit,RU,2020-08-02 18:24:21,61.67,96.37,61.81,83,44,3.0,scattered clouds
417,Hastings,GB,2020-08-02 18:27:58,50.86,0.57,69.01,67,34,3.0,scattered clouds
418,Palmas Bellas,PA,2020-08-02 18:27:59,9.23,-80.09,91.4,70,20,5.82,few clouds
419,Lukulu,ZM,2020-08-02 18:27:59,-14.37,23.24,63.84,30,32,5.39,scattered clouds
420,Ust-Maya,RU,2020-08-02 18:27:59,60.42,134.53,51.91,70,3,2.15,clear sky
421,Nacala,MZ,2020-08-02 18:28:00,-14.54,40.67,72.21,80,17,10.78,few clouds
422,Hasaki,JP,2020-08-02 18:25:59,35.73,140.83,70.0,100,20,4.7,few clouds
423,Leningradskiy,RU,2020-08-02 18:25:18,69.38,178.42,37.35,90,100,8.21,overcast clouds
424,Port Hawkesbury,CA,2020-08-02 18:28:00,45.62,-61.35,82.99,47,1,6.93,clear sky
425,Dubovyy Umet,RU,2020-08-02 18:28:00,52.98,50.29,64.4,68,5,3.98,clear sky
426,Necochea,AR,2020-08-02 18:26:33,-38.55,-58.74,54.0,84,93,8.01,overcast clouds
427,Bereda,ES,2020-08-02 18:24:52,43.27,-7.54,66.99,77,99,14.0,overcast clouds
428,Katima Mulilo,NA,2020-08-02 18:28:01,-17.5,24.27,57.2,41,0,1.12,clear sky
429,Talant,FR,2020-08-02 18:28:01,47.34,5.01,77.0,41,92,10.29,overcast clouds
430,Gigmoto,PH,2020-08-02 18:28:01,13.78,124.39,80.65,76,100,2.3,overcast clouds
431,Karasjok,NO,2020-08-02 18:28:01,69.47,25.51,51.8,81,75,14.99,broken clouds
432,Zhoucheng,CN,2020-08-02 18:28:02,35.91,116.31,78.39,93,0,8.43,clear sky
433,Konispol,AL,2020-08-02 18:28:02,39.66,20.18,86.0,62,68,0.89,broken clouds
434,Dongying,CN,2020-08-02 18:28:02,37.46,118.49,82.89,71,6,9.33,clear sky
435,Stafford,GB,2020-08-02 18:23:38,52.81,-2.12,64.99,48,67,5.99,broken clouds
436,Ankang,CN,2020-08-02 18:28:03,32.68,109.02,77.86,82,45,0.81,scattered clouds
437,Ginir,ET,2020-08-02 18:25:56,7.13,40.7,59.85,76,15,9.62,few clouds
438,Sept-Iles,CA,2020-08-02 18:28:03,50.2,-66.38,78.8,54,75,8.05,broken clouds
439,Angoche,MZ,2020-08-02 18:25:30,-16.23,39.91,72.59,78,39,10.04,scattered clouds
440,Komsomolskiy,UZ,2020-08-02 18:28:04,40.43,71.72,77.0,41,0,6.93,clear sky
441,Srednekolymsk,RU,2020-08-02 18:28:07,67.45,153.68,52.57,67,84,1.25,broken clouds
442,Iraan,US,2020-08-02 18:28:07,30.91,-101.9,97.0,15,2,3.0,clear sky
443,Kedrovyy,RU,2020-08-02 18:28:07,56.17,91.82,59.0,93,75,1.86,broken clouds
444,Youhao,CN,2020-08-02 18:28:07,47.87,128.83,71.26,86,99,8.25,overcast clouds
445,Muroto,JP,2020-08-02 18:26:13,33.28,134.15,79.81,79,39,5.5,scattered clouds
446,Fairbanks,US,2020-08-02 18:21:13,64.84,-147.72,66.2,82,40,5.82,scattered clouds
447,Litovko,RU,2020-08-02 18:28:08,49.24,135.17,57.22,83,98,10.02,overcast clouds
448,Belyy Yar,RU,2020-08-02 18:28:08,53.6,91.39,60.8,87,64,2.24,broken clouds
449,Vilhena,BR,2020-08-02 18:28:08,-12.74,-60.15,86.0,27,0,12.75,clear sky
450,Panama City,PA,2020-08-02 18:24:40,8.99,-79.52,91.4,70,40,8.05,thunderstorm
451,Barabash,RU,2020-08-02 18:28:09,43.2,131.48,71.6,94,75,4.47,broken clouds
452,Charters Towers,AU,2020-08-02 18:28:09,-20.1,146.27,54.61,88,2,8.81,clear sky
453,Orlik,RU,2020-08-02 18:28:09,52.52,99.83,51.37,81,100,3.09,overcast clouds
454,Ust-Kan,RU,2020-08-02 18:28:10,50.93,84.76,49.93,84,5,2.77,clear sky
455,Lodwar,KE,2020-08-02 18:24:58,3.12,35.6,87.75,28,4,13.18,clear sky
456,Beloha,MG,2020-08-02 18:28:10,-25.17,45.05,62.83,72,0,15.48,clear sky
457,Barra,BR,2020-08-02 18:28:10,-11.09,-43.14,86.11,29,42,7.09,scattered clouds
458,Beira,MZ,2020-08-02 18:28:11,-19.84,34.84,68.63,75,72,8.72,broken clouds
459,Garut,ID,2020-08-02 18:28:11,-7.2,107.89,67.82,88,92,1.52,overcast clouds
460,Olonets,RU,2020-08-02 18:28:11,60.98,32.97,56.34,87,96,3.04,overcast clouds
461,Kostomuksha,RU,2020-08-02 18:28:11,64.57,30.58,53.78,81,68,4.94,broken clouds
462,Rantepao,ID,2020-08-02 18:28:11,-2.97,119.9,67.66,91,99,0.45,overcast clouds
463,Touros,BR,2020-08-02 18:25:51,-5.2,-35.46,82.4,69,40,11.41,scattered clouds
464,Farmington,US,2020-08-02 18:28:12,36.73,-108.22,87.01,25,1,6.93,clear sky
465,Ostrovnoy,RU,2020-08-02 18:25:56,68.05,39.51,50.29,86,100,11.77,light rain
466,Andenes,NO,2020-08-02 18:25:14,69.31,16.12,60.8,82,0,14.99,clear sky
467,Grafenhainichen,DE,2020-08-02 18:28:12,51.73,12.45,69.01,88,40,6.93,shower rain
468,Japura,ID,2020-08-02 18:28:13,-0.32,102.35,75.42,88,12,2.28,few clouds
469,Gallup,US,2020-08-02 18:28:13,35.53,-108.74,87.8,22,1,13.87,clear sky
470,Dongsheng,CN,2020-08-02 18:28:13,39.82,109.98,67.77,41,88,5.44,overcast clouds
471,Camargo,MX,2020-08-02 18:24:19,27.67,-105.17,86.88,27,2,6.82,clear sky
472,Yendi,GH,2020-08-02 18:28:13,9.44,-0.01,78.17,81,84,4.76,broken clouds
473,San Juan,AR,2020-08-02 18:28:13,-31.54,-68.54,66.63,26,13,10.94,few clouds
474,Cidreira,BR,2020-08-02 18:25:54,-30.18,-50.21,66.58,61,77,8.79,broken clouds
475,Ambovombe,MG,2020-08-02 18:28:14,-25.17,46.08,64.31,70,0,20.09,clear sky
476,Makinsk,KZ,2020-08-02 18:28:14,52.63,70.42,70.59,50,0,3.06,clear sky
477,Camacha,PT,2020-08-02 18:28:14,33.08,-16.33,71.6,73,40,16.11,scattered clouds
478,Henties Bay,NA,2020-08-02 18:28:15,-22.12,14.28,73.0,46,0,3.0,clear sky
479,Gat,IL,2020-08-02 18:28:15,31.61,34.76,82.99,59,0,1.99,clear sky
480,Lompoc,US,2020-08-02 18:24:01,34.64,-120.46,66.2,72,0,5.82,clear sky
481,Quemado De Guines,CU,2020-08-02 18:28:15,22.79,-80.25,86.0,79,75,6.93,broken clouds
482,Bahia Blanca,AR,2020-08-02 18:27:46,-38.72,-62.27,59.61,40,85,2.48,overcast clouds
483,Zhezkazgan,KZ,2020-08-02 18:25:29,47.8,67.71,80.08,30,9,12.97,clear sky
484,Pachino,IT,2020-08-02 18:28:16,36.72,15.09,84.0,67,1,9.62,clear sky
485,Gol,NO,2020-08-02 18:28:16,60.7,8.95,57.0,83,53,6.6,moderate rain
486,Apucarana,BR,2020-08-02 18:28:16,-23.55,-51.46,78.8,36,0,8.05,clear sky
487,Pitimbu,BR,2020-08-02 18:28:17,-7.47,-34.81,77.0,88,75,13.87,broken clouds
488,Tessalit,ML,2020-08-02 18:21:13,20.2,1.01,106.41,13,57,11.16,broken clouds
489,Arlit,NE,2020-08-02 18:28:17,18.74,7.39,92.26,36,57,12.01,broken clouds
490,Yumen,CN,2020-08-02 18:25:26,40.28,97.2,69.22,22,0,13.09,clear sky
491,Buin,CL,2020-08-02 18:28:17,-33.73,-70.75,66.2,29,100,4.7,overcast clouds
492,Tongzi,CN,2020-08-02 18:28:18,28.78,105.09,77.77,91,6,0.65,light rain
493,Margherita,IN,2020-08-02 18:28:18,27.28,95.68,79.99,90,73,2.24,light rain
494,Isangel,VU,2020-08-02 18:28:18,-19.55,169.27,66.31,69,4,12.44,clear sky
495,Kiunga,PG,2020-08-02 18:28:18,-6.12,141.29,70.09,97,67,2.08,broken clouds
496,Kilis,TR,2020-08-02 18:28:19,36.72,37.12,87.8,45,0,12.75,clear sky
497,Dali,CN,2020-08-02 18:28:19,25.7,100.18,64.6,81,45,3.67,scattered clouds
498,Gilgit,PK,2020-08-02 18:28:19,35.92,74.31,80.82,32,37,2.53,scattered clouds
499,Puerto Cabezas,NI,2020-08-02 18:28:19,14.04,-83.39,87.8,79,75,6.93,haze
500,De Aar,ZA,2020-08-02 18:28:19,-30.65,24.01,56.01,33,0,5.64,clear sky
501,Tucurui,BR,2020-08-02 18:28:20,-3.77,-49.67,90.84,41,62,3.53,broken clouds
502,Mani,CO,2020-08-02 18:28:20,4.82,-72.29,87.06,58,3,11.92,clear sky
503,Kulhudhuffushi,MV,2020-08-02 18:28:20,6.62,73.07,82.76,81,100,19.22,light rain
504,Dryden,CA,2020-08-02 18:28:21,49.78,-92.75,68.0,49,75,11.41,broken clouds
505,Surin,TH,2020-08-02 18:28:21,14.88,103.49,76.08,91,100,14.67,light rain
506,Taicheng,CN,2020-08-02 18:28:21,38.73,113.23,67.17,35,99,3.67,overcast clouds
507,Bilma,NE,2020-08-02 18:28:21,18.69,12.92,97.11,25,68,2.08,broken clouds
508,Arcachon,FR,2020-08-02 18:28:22,44.59,-1.05,70.0,56,67,10.29,broken clouds
509,Cairns,AU,2020-08-02 18:24:58,-16.92,145.77,66.2,93,90,8.05,shower rain
510,Novyy Urengoy,RU,2020-08-02 18:28:22,66.08,76.63,62.04,67,73,7.47,broken clouds
511,Obo,CF,2020-08-02 18:28:22,5.4,26.49,71.22,96,99,3.0,moderate rain
512,Yeppoon,AU,2020-08-02 18:25:41,-23.13,150.73,62.6,67,90,5.82,overcast clouds
513,Yanam,IN,2020-08-02 18:28:23,16.73,82.22,83.16,79,94,6.17,overcast clouds
514,Ampanihy,MG,2020-08-02 18:28:23,-24.7,44.75,61.34,71,0,13.98,clear sky
515,Port Macquarie,AU,2020-08-02 18:25:52,-31.43,152.92,44.01,98,73,4.18,broken clouds
516,Laranjeiras Do Sul,BR,2020-08-02 18:28:23,-25.41,-52.42,72.99,45,0,2.33,clear sky
517,Palapye,BW,2020-08-02 18:28:24,-22.55,27.13,58.12,36,0,7.74,clear sky
518,Masterton,NZ,2020-08-02 18:28:24,-40.96,175.66,45.0,85,100,2.64,overcast clouds
519,Talaya,RU,2020-08-02 18:28:24,61.38,152.75,44.56,80,24,2.57,few clouds
520,Ilesha,NG,2020-08-02 18:28:25,7.14,5.26,73.51,88,96,4.79,overcast clouds
521,Armidale,AU,2020-08-02 18:28:25,-30.52,151.65,36.86,89,20,2.64,few clouds
522,Preobrazheniye,RU,2020-08-02 18:28:25,42.9,133.91,67.98,94,100,7.05,light rain
523,Kargasok,RU,2020-08-02 18:25:24,59.06,80.86,62.06,88,75,3.47,broken clouds
524,Bodden Town,KY,2020-08-02 18:28:25,19.28,-81.25,88.0,70,20,11.41,few clouds
525,Balsas,BR,2020-08-02 18:28:26,-7.53,-46.04,96.93,23,18,7.9,few clouds
526,Moyale,KE,2020-08-02 18:24:20,3.52,39.06,70.74,61,38,19.51,scattered clouds
527,Aklavik,CA,2020-08-02 18:25:30,68.22,-135.01,51.8,93,90,6.93,overcast clouds
528,Sumkino,RU,2020-08-02 18:28:26,58.11,68.32,70.21,75,0,7.94,clear sky
529,Faanui,PF,2020-08-02 18:24:45,-16.48,-151.75,78.28,80,72,13.56,broken clouds
530,Charleville-Mezieres,FR,2020-08-02 18:28:27,49.77,4.72,73.0,52,82,8.05,broken clouds
531,Perth,AU,2020-08-02 18:24:30,-31.93,115.83,48.99,93,40,5.82,shower rain
532,Traverse City,US,2020-08-02 18:28:27,44.76,-85.62,80.01,47,75,9.17,broken clouds
533,Tocopilla,CL,2020-08-02 18:28:27,-22.09,-70.2,67.82,43,22,8.3,few clouds
534,Esso,RU,2020-08-02 18:28:27,55.93,158.7,51.01,80,100,1.03,light rain
535,Jalu,LY,2020-08-02 18:28:28,29.03,21.55,93.79,27,0,16.78,clear sky
536,Severodvinsk,RU,2020-08-02 18:28:28,64.56,39.83,53.6,93,90,6.71,overcast clouds
537,Rio Grande,BR,2020-08-02 18:26:10,-32.03,-52.1,73.4,73,99,8.05,overcast clouds
538,Vrangel,RU,2020-08-02 18:28:28,42.73,133.08,67.6,96,100,10.22,overcast clouds
539,Drumheller,CA,2020-08-02 18:28:28,51.46,-112.71,81.0,53,67,11.63,broken clouds
540,Nome,US,2020-08-02 18:28:29,64.5,-165.41,57.0,76,1,3.36,clear sky
541,Lasa,IT,2020-08-02 18:28:29,46.62,10.7,68.0,68,40,5.82,scattered clouds
542,Bonavista,CA,2020-08-02 18:25:40,48.65,-53.11,62.01,84,91,8.99,overcast clouds
543,Esmeraldas,BR,2020-08-02 18:28:29,-19.76,-44.31,78.8,35,75,11.41,broken clouds
544,San Rafael Del Sur,NI,2020-08-02 18:28:29,11.85,-86.44,91.4,59,40,6.93,scattered clouds
545,Bichena,ET,2020-08-02 18:28:30,10.45,38.2,55.87,94,97,3.36,light rain
546,Hualmay,PE,2020-08-02 18:25:20,-11.1,-77.61,66.85,66,42,10.2,scattered clouds
547,Dingle,PH,2020-08-02 18:25:16,11.0,122.67,76.66,83,100,4.14,overcast clouds
548,Aktash,RU,2020-08-02 18:28:30,50.3,87.73,40.6,86,0,0.94,clear sky
549,Belaya Gora,RU,2020-08-02 18:25:07,68.53,146.42,54.99,62,69,5.37,broken clouds
550,Leshukonskoye,RU,2020-08-02 18:28:31,64.9,45.76,50.49,95,100,8.5,overcast clouds
551,Clyde River,CA,2020-08-02 18:24:42,70.47,-68.59,60.8,51,75,8.05,broken clouds
552,Mehamn,NO,2020-08-02 18:25:28,71.04,27.85,50.0,87,75,9.17,broken clouds
553,Matai,TZ,2020-08-02 18:28:31,-8.3,31.52,62.6,51,20,9.17,few clouds
554,Atasu,KZ,2020-08-02 18:28:32,48.68,71.64,75.02,46,85,13.69,overcast clouds
555,Tamandare,BR,2020-08-02 18:28:32,-8.76,-35.1,77.61,73,32,15.08,scattered clouds
556,Lagunas,PE,2020-08-02 18:28:32,-5.23,-75.68,90.57,44,26,2.57,scattered clouds
557,Port Hardy,CA,2020-08-02 18:28:33,50.7,-127.42,57.2,93,90,2.24,light rain
558,Barabai,ID,2020-08-02 18:28:33,-2.58,115.38,74.23,94,77,1.03,light rain
559,Boa Vista,BR,2020-08-02 18:25:47,2.82,-60.67,80.6,78,75,10.29,broken clouds
560,Oranjemund,NA,2020-08-02 18:28:33,-28.55,16.43,68.34,29,0,5.3,clear sky
561,Abu Zabad,SD,2020-08-02 18:28:34,12.35,29.25,74.3,81,61,10.0,broken clouds
562,Calatayud,ES,2020-08-02 18:28:34,41.35,-1.64,78.8,74,88,8.05,overcast clouds
563,Broome,US,2020-08-02 18:25:44,42.25,-75.83,84.99,51,75,14.99,broken clouds
564,Vila Velha,BR,2020-08-02 18:21:11,-20.33,-40.29,75.2,60,20,14.99,few clouds
565,Salekhard,RU,2020-08-02 18:28:35,66.53,66.6,61.83,77,100,3.78,light rain
566,Fort Saint James,CA,2020-08-02 18:24:03,54.43,-124.25,72.59,42,96,4.38,overcast clouds
567,Mangai,CD,2020-08-02 18:28:35,-4.05,19.53,86.43,35,81,2.51,broken clouds
568,Dyshne-Vedeno,RU,2020-08-02 18:28:36,42.96,46.12,69.8,88,75,11.18,broken clouds
569,Nemuro,JP,2020-08-02 18:28:36,43.32,145.57,63.0,95,49,10.87,scattered clouds
570,Smithers,CA,2020-08-02 18:28:36,54.78,-127.17,64.4,63,75,4.7,broken clouds
571,Puerto Narino,CO,2020-08-02 18:28:36,-3.77,-70.38,89.6,55,75,3.36,broken clouds
572,Seoni,IN,2020-08-02 18:28:36,22.08,79.53,79.34,80,43,5.55,light rain
573,Yambio,SS,2020-08-02 18:28:37,4.57,28.4,69.53,93,94,1.14,light rain
574,Skeldon,GY,2020-08-02 18:28:37,5.88,-57.13,83.46,80,65,3.67,moderate rain
575,Tevriz,RU,2020-08-02 18:28:37,57.51,72.4,69.69,89,100,4.5,overcast clouds
576,Emerald,AU,2020-08-02 18:28:38,-23.53,148.17,53.6,81,0,3.36,clear sky
577,Santa Cruz,BO,2020-08-02 18:25:21,-17.8,-63.17,89.6,29,20,14.99,few clouds
578,Maraba,BR,2020-08-02 18:24:44,-5.37,-49.12,93.2,34,40,5.82,scattered clouds
579,Khasan,RU,2020-08-02 18:28:41,42.43,130.64,68.0,98,100,10.07,moderate rain
580,Port Said,EG,2020-08-02 18:28:41,31.26,32.28,84.2,54,0,6.93,clear sky
581,Sambava,MG,2020-08-02 18:28:41,-14.27,50.17,72.59,81,51,20.09,light rain
582,Narrabri,AU,2020-08-02 18:28:42,-30.32,149.78,41.0,80,16,4.14,few clouds
583,Tahta,EG,2020-08-02 18:28:42,26.77,31.5,98.6,19,0,12.75,clear sky
584,Romanovka,RU,2020-08-02 18:28:42,51.74,42.75,59.85,82,37,5.32,scattered clouds
585,San Luis,AR,2020-08-02 18:28:42,-33.3,-66.34,66.45,42,64,15.12,broken clouds
586,Keetmanshoop,NA,2020-08-02 18:28:42,-26.58,18.13,68.0,14,0,8.05,clear sky
587,Sterling,US,2020-08-02 18:24:08,39.01,-77.43,91.0,55,75,12.75,broken clouds
588,Barhi,IN,2020-08-02 18:28:43,23.9,80.8,82.51,75,65,4.7,broken clouds
589,Pitiquito,MX,2020-08-02 18:28:43,30.7,-112.08,96.01,37,94,1.99,overcast clouds
590,Rabo De Peixe,PT,2020-08-02 18:28:43,37.8,-25.58,75.2,64,20,8.05,few clouds
591,Compuertas,MX,2020-08-02 18:28:44,25.45,-108.35,97.0,55,63,4.0,broken clouds
592,Moranbah,AU,2020-08-02 18:28:44,-22.0,148.05,53.83,90,0,8.61,clear sky
593,Shieli,KZ,2020-08-02 18:25:58,44.17,66.75,81.52,25,0,5.7,clear sky
594,Huruta,ET,2020-08-02 18:28:44,8.15,39.35,61.14,73,45,7.34,scattered clouds
595,Dubbo,AU,2020-08-02 18:25:34,-32.25,148.62,35.6,100,72,6.93,broken clouds
596,Shakawe,BW,2020-08-02 18:28:45,-18.37,21.85,61.57,30,0,3.47,clear sky
597,Villa Del Rosario,CO,2020-08-02 18:28:45,7.83,-72.47,93.2,38,40,23.04,scattered clouds
598,Songea,TZ,2020-08-02 18:28:45,-10.68,35.65,66.2,63,75,5.82,broken clouds
599,Nizwa,OM,2020-08-02 18:28:46,22.93,57.53,93.76,37,18,8.1,few clouds
600,Marawi,PH,2020-08-02 18:28:46,8.0,124.29,78.01,88,95,4.0,overcast clouds
601,Pallasovka,RU,2020-08-02 18:28:46,50.05,46.88,68.13,49,49,1.88,scattered clouds
602,Ouallam,NE,2020-08-02 18:28:46,14.32,2.09,90.3,43,94,10.87,overcast clouds
603,Banepa,NP,2020-08-02 18:28:47,27.63,85.52,73.4,94,75,6.93,thunderstorm with light rain
604,Karasburg,NA,2020-08-02 18:28:47,-28.02,18.75,67.42,22,0,13.38,clear sky
605,Salym,RU,2020-08-02 18:28:47,60.06,71.48,69.62,87,45,6.4,scattered clouds
606,Cape Canaveral,US,2020-08-02 18:28:47,28.41,-80.6,84.0,78,90,17.22,overcast clouds
607,Chiplun,IN,2020-08-02 18:28:48,17.53,73.52,77.47,91,94,6.24,moderate rain
608,Hirara,JP,2020-08-02 18:28:48,24.8,125.28,83.91,81,100,35.5,light rain
609,Cururupu,BR,2020-08-02 18:28:48,-1.83,-44.87,85.64,62,17,6.69,light rain
610,Muzhi,RU,2020-08-02 18:28:48,65.37,64.67,62.67,84,100,9.44,overcast clouds
611,Methoni,GR,2020-08-02 18:28:48,36.82,21.7,79.0,73,40,2.89,scattered clouds
612,Itauna,BR,2020-08-02 18:28:49,-20.08,-44.58,78.8,34,40,13.87,scattered clouds
613,Manokwari,ID,2020-08-02 18:28:49,-0.87,134.08,78.89,79,97,5.17,overcast clouds
614,Chernyshevskiy,RU,2020-08-02 18:28:49,63.01,112.47,55.17,77,0,2.93,clear sky
615,Puerto Carreno,CO,2020-08-02 18:28:49,6.19,-67.49,86.0,66,40,6.93,scattered clouds
616,Suntar,RU,2020-08-02 18:28:50,62.14,117.63,57.02,70,0,4.72,clear sky
617,Asfi,MA,2020-08-02 18:24:04,32.3,-9.24,76.23,66,22,19.6,few clouds
618,Carauari,BR,2020-08-02 18:28:50,-4.88,-66.9,95.81,27,2,3.38,clear sky
619,Milkovo,RU,2020-08-02 18:28:50,54.72,158.62,54.14,95,100,1.9,light rain
620,Finschhafen,PG,2020-08-02 18:28:50,-6.6,147.87,77.59,76,30,8.16,scattered clouds
621,Totskoye,RU,2020-08-02 18:28:50,52.52,52.76,63.37,87,52,1.92,broken clouds
622,Sretensk,RU,2020-08-02 18:28:51,52.25,117.71,59.27,92,82,4.41,broken clouds
623,Maningrida,AU,2020-08-02 18:28:51,-12.07,134.27,66.92,93,10,8.01,clear sky
624,Sandwick,GB,2020-08-02 18:28:51,60.0,-1.25,55.4,87,20,9.17,few clouds
625,Serra,BR,2020-08-02 18:28:15,-20.13,-40.31,75.2,60,20,14.99,few clouds
626,Presidencia Roque Saenz Pena,AR,2020-08-02 18:28:51,-26.79,-60.44,90.05,29,5,10.85,clear sky
627,Wajir,KE,2020-08-02 18:28:52,1.75,40.06,82.4,51,52,5.82,broken clouds
628,La Palma,US,2020-08-02 18:28:52,33.85,-118.05,82.99,57,20,4.7,few clouds
629,Nanakuli,US,2020-08-02 18:28:52,21.39,-158.15,80.6,61,20,8.05,few clouds
630,Coari,BR,2020-08-02 18:28:52,-4.08,-63.14,94.66,31,35,3.44,scattered clouds
631,Diffa,NE,2020-08-02 18:28:52,13.32,12.61,87.08,54,52,7.18,broken clouds
632,Kapoeta,SS,2020-08-02 18:28:52,4.77,33.59,79.07,54,11,5.37,few clouds
633,Bagn,NO,2020-08-02 18:28:53,60.82,9.55,54.0,83,75,6.22,light rain
634,Margate,GB,2020-08-02 18:25:58,51.38,1.39,70.0,61,38,4.0,light rain
635,Kuching,MY,2020-08-02 18:28:54,1.55,110.33,75.2,100,40,2.24,light rain
636,Lensk,RU,2020-08-02 18:28:54,60.73,114.93,56.52,79,16,4.25,few clouds
637,Nioro,GM,2020-08-02 18:28:54,13.35,-15.75,79.02,84,100,4.09,overcast clouds
638,Mabai,CN,2020-08-02 18:28:54,23.01,104.45,63.45,100,94,3.62,overcast clouds
639,Salaga,GH,2020-08-02 18:28:54,8.55,-0.52,80.28,70,62,3.76,broken clouds
640,Muravlenko,RU,2020-08-02 18:25:24,63.79,74.52,63.48,65,24,10.45,few clouds
641,Evensk,RU,2020-08-02 18:25:39,61.95,159.23,51.96,65,80,6.62,broken clouds
642,Telford,GB,2020-08-02 18:28:55,52.68,-2.45,66.2,55,74,9.17,broken clouds
643,Pierre,US,2020-08-02 18:28:55,44.37,-100.35,79.0,41,75,9.17,broken clouds
644,Beringovskiy,RU,2020-08-02 18:25:39,63.05,179.32,47.59,75,100,18.59,overcast clouds
645,Viransehir,TR,2020-08-02 18:28:56,37.24,39.76,89.89,14,0,9.73,clear sky
646,Den Helder,NL,2020-08-02 18:28:56,52.96,4.76,64.4,63,40,10.29,scattered clouds
647,Christiansburg,US,2020-08-02 18:28:56,37.13,-80.41,84.0,54,40,9.17,scattered clouds
648,Shirokiy,RU,2020-08-02 18:28:56,49.76,129.52,67.53,96,100,11.56,light rain
649,Pakxan,LA,2020-08-02 18:28:57,18.38,103.66,74.37,96,100,6.53,moderate rain
650,Skanderborg,DK,2020-08-02 18:28:57,56.04,9.93,64.0,80,56,1.99,light rain
651,Tommot,RU,2020-08-02 18:28:57,58.96,126.29,51.89,79,98,4.32,overcast clouds
652,Marsa Matruh,EG,2020-08-02 18:28:57,31.35,27.25,82.4,74,0,10.29,clear sky
653,Masunga,BW,2020-08-02 18:28:57,-20.62,27.45,60.8,41,0,5.82,clear sky
654,Leh,IN,2020-08-02 18:28:58,34.17,77.58,65.79,28,1,5.08,clear sky
655,Terrace Bay,CA,2020-08-02 18:28:58,48.78,-87.1,59.0,67,75,17.22,broken clouds
656,Lashio,MM,2020-08-02 18:28:58,22.93,97.75,72.84,99,100,1.28,moderate rain
657,Cartagena,CO,2020-08-02 18:25:02,10.4,-75.51,91.4,75,20,10.29,few clouds
658,Enumclaw,US,2020-08-02 18:28:58,47.2,-121.99,73.99,65,9,3.0,clear sky
659,Kent,GB,2020-08-02 18:28:59,51.17,0.67,71.01,69,71,5.01,broken clouds
660,Mulege,MX,2020-08-02 18:28:59,26.88,-111.98,93.33,43,69,8.68,broken clouds
661,Hovd,MN,2020-08-02 18:24:51,48.01,91.64,56.26,61,95,8.3,overcast clouds
662,Merauke,ID,2020-08-02 18:28:59,-8.47,140.33,74.05,82,0,12.5,clear sky
663,Eyl,SO,2020-08-02 18:24:44,7.98,49.82,79.81,67,56,26.13,broken clouds
664,Mayumba,GA,2020-08-02 18:25:54,-3.43,10.66,72.82,80,98,7.09,overcast clouds
665,Ibotirama,BR,2020-08-02 18:29:00,-12.19,-43.22,91.35,18,65,5.82,broken clouds
666,Dzerzhinskoye,RU,2020-08-02 18:29:00,56.83,95.23,60.15,90,99,2.73,overcast clouds
667,Newala,TZ,2020-08-02 18:29:00,-10.94,39.28,64.69,88,68,2.71,light rain
668,Kjollefjord,NO,2020-08-02 18:29:00,70.95,27.35,50.0,87,75,9.17,broken clouds
669,Gannan,CN,2020-08-02 18:26:09,47.91,123.5,67.82,94,99,2.8,moderate rain
670,Tucson,US,2020-08-02 18:28:39,32.22,-110.93,99.0,18,1,3.09,clear sky
